seq,rssi,snr,avg_snr,timestamp,attenuator,gain
0,-124.00,7.90,10.06,1473675865,0.0,-4.43697499233
1,-78.00,9.11,9.83,1473675872,0.0,-4.43697499233
2,-126.00,10.95,9.85,1473675880,0.0,-4.43697499233
3,-125.00,8.86,9.66,1473675887,0.0,-4.43697499233
4,-132.00,11.77,9.77,1473675895,0.0,-4.43697499233
5,-131.00,8.19,9.70,1473675903,0.0,-4.43697499233
6,-78.00,7.99,9.85,1473675910,0.0,-4.43697499233
7,-137.00,9.62,9.93,1473675918,0.0,-4.43697499233
8,-127.00,9.84,10.06,1473675926,0.0,-4.43697499233
9,-78.00,8.26,10.00,1473675934,0.0,-4.43697499233
10,-126.00,8.83,10.27,1473675942,0.0,-4.43697499233
11,-78.00,8.59,10.12,1473675950,0.0,-4.43697499233
12,-128.00,11.22,10.24,1473675957,0.0,-4.43697499233
13,-78.00,9.33,9.89,1473675965,0.0,-4.43697499233
14,-129.00,12.20,9.69,1473675973,0.0,-4.43697499233
15,-78.00,8.94,9.99,1473675980,0.0,-4.43697499233
16,-81.00,8.34,9.87,1473675988,0.0,-4.43697499233
17,-77.00,9.10,9.95,1473675995,0.0,-4.43697499233
18,-127.00,13.17,10.03,1473676003,0.0,-4.43697499233
19,-77.00,9.29,10.15,1473676011,0.0,-4.43697499233
20,-77.00,8.84,10.16,1473676018,0.0,-4.43697499233
21,-81.00,8.43,10.05,1473676026,0.0,-4.43697499233
22,-80.00,9.38,10.10,1473676034,0.0,-4.43697499233
23,-81.00,8.69,9.97,1473676041,0.0,-4.43697499233
24,-134.00,10.18,9.99,1473676049,0.0,-4.43697499233
25,-81.00,9.04,9.77,1473676057,0.0,-4.43697499233
26,-128.00,12.91,9.78,1473676064,0.0,-4.43697499233
27,-132.00,11.40,9.71,1473676072,0.0,-4.43697499233
29,-129.00,9.28,9.96,1473676087,0.0,-4.43697499233
30,-80.00,9.62,10.00,1473676095,0.0,-4.43697499233
31,-80.00,9.32,10.04,1473676102,0.0,-4.43697499233
33,-128.00,10.33,9.89,1473676118,0.0,-4.43697499233
34,-81.00,8.24,9.89,1473676125,0.0,-4.43697499233
35,-81.00,8.46,9.98,1473676133,0.0,-4.43697499233
36,-132.00,9.23,9.96,1473676141,0.0,-4.43697499233
37,-80.00,8.78,9.82,1473676148,0.0,-4.43697499233
38,-80.00,9.10,9.50,1473676156,0.0,-4.43697499233
39,-80.00,8.79,9.54,1473676164,0.0,-4.43697499233
40,-125.00,13.20,9.70,1473676171,0.0,-4.43697499233
41,-79.00,8.67,9.95,1473676179,0.0,-4.43697499233
42,-80.00,8.45,10.09,1473676186,0.0,-4.43697499233
43,-128.00,9.04,10.23,1473676194,0.0,-4.43697499233
44,-129.00,12.72,10.10,1473676202,0.0,-4.43697499233
45,-130.00,11.72,10.35,1473676209,0.0,-4.43697499233
46,-130.00,10.64,10.60,1473676217,0.0,-4.43697499233
47,-80.00,9.17,10.73,1473676225,0.0,-4.43697499233
48,-125.00,11.03,10.67,1473676232,0.0,-4.43697499233
49,-127.00,11.84,10.61,1473676240,0.0,-4.43697499233
50,-80.00,8.77,10.79,1473676248,0.0,-4.43697499233
51,-134.00,10.31,10.55,1473676255,0.0,-4.43697499233
52,-80.00,8.58,10.73,1473676263,0.0,-4.43697499233
53,-81.00,8.34,10.58,1473676271,0.0,-4.43697499233
54,-80.00,9.09,10.41,1473676278,0.0,-4.43697499233
55,-134.00,9.00,10.30,1473676286,0.0,-4.43697499233
56,-80.00,8.79,10.10,1473676293,0.0,-4.43697499233
57,-127.00,11.95,10.00,1473676301,0.0,-4.43697499233
58,-138.00,8.72,9.91,1473676309,0.0,-4.43697499233
59,-128.00,9.72,9.80,1473676316,0.0,-4.43697499233
60,-130.00,13.54,9.86,1473676324,0.0,-4.43697499233
61,-81.00,9.26,9.96,1473676332,0.0,-4.43697499233
62,-81.00,8.56,9.93,1473676339,0.0,-4.43697499233
63,-82.00,8.86,9.95,1473676347,0.0,-4.43697499233
64,-81.00,8.94,10.00,1473676355,0.0,-4.43697499233
65,-81.00,8.74,9.92,1473676362,0.0,-4.43697499233
66,-128.00,8.82,9.76,1473676370,0.0,-4.43697499233
67,-81.00,9.09,9.70,1473676377,0.0,-4.43697499233
68,-82.00,8.99,9.87,1473676385,0.0,-4.43697499233
69,-80.00,8.96,9.42,1473676393,0.0,-4.43697499233
70,-137.00,10.06,9.39,1473676400,0.0,-4.43697499233
71,-129.00,12.36,9.42,1473676408,0.0,-4.43697499233
72,-126.00,8.68,9.66,1473676416,0.0,-4.43697499233
73,-79.00,9.95,9.78,1473676423,0.0,-4.43697499233
74,-130.00,12.10,9.83,1473676431,0.0,-4.43697499233
75,-80.00,9.34,9.98,1473676439,0.0,-4.43697499233
76,-80.00,8.93,9.81,1473676446,0.0,-4.43697499233
77,-127.00,10.81,9.92,1473676454,0.0,-4.43697499233
78,-80.00,8.88,10.02,1473676462,0.0,-4.43697499233
80,-129.00,11.45,10.41,1473676477,0.0,-4.43697499233
81,-127.00,12.64,10.39,1473676484,0.0,-4.43697499233
82,-130.00,9.97,10.44,1473676492,0.0,-4.43697499233
83,-129.00,11.92,10.57,1473676500,0.0,-4.43697499233
84,-133.00,12.10,10.61,1473676507,0.0,-4.43697499233
85,-80.00,8.80,10.72,1473676515,0.0,-4.43697499233
86,-128.00,8.30,10.73,1473676523,0.0,-4.43697499233
87,-130.00,12.41,10.70,1473676530,0.0,-4.43697499233
88,-79.00,8.38,10.46,1473676538,0.0,-4.43697499233
89,-79.00,9.54,10.19,1473676546,0.0,-4.43697499233
90,-126.00,11.84,10.24,1473676553,0.0,-4.43697499233
91,-80.00,8.99,10.49,1473676561,0.0,-4.43697499233
92,-79.00,8.90,10.51,1473676568,0.0,-4.43697499233
93,-126.00,8.21,10.56,1473676576,0.0,-4.43697499233
94,-131.00,11.90,10.39,1473676584,0.0,-4.43697499233
95,-124.00,12.43,10.48,1473676591,0.0,-4.43697499233
96,-126.00,10.96,10.48,1473676599,0.0,-4.43697499233
97,-128.00,10.81,10.66,1473676607,0.0,-4.43697499233
98,-127.00,9.99,10.61,1473676614,0.0,-4.43697499233
99,-127.00,14.53,10.39,1473676622,0.0,-4.43697499233
100,-77.00,8.79,10.43,1473676630,0.0,-4.43697499233
101,-78.00,8.67,10.37,1473676637,0.0,-4.43697499233
102,-127.00,11.70,10.21,1473676645,0.0,-4.43697499233
103,-78.00,8.65,10.48,1473676653,0.0,-4.43697499233
104,-124.00,9.48,10.33,1473676660,0.0,-4.43697499233
105,-78.00,9.15,10.20,1473676668,0.0,-4.43697499233
106,-79.00,8.23,10.11,1473676675,0.0,-4.43697499233
107,-78.00,8.44,10.05,1473676683,0.0,-4.43697499233
108,-78.00,9.41,9.67,1473676691,0.0,-4.43697499233
109,-124.00,9.31,9.68,1473676698,0.0,-4.43697499233
111,-126.00,8.19,9.61,1473676714,0.0,-4.43697499233
117,-126.00,7.76,9.59,1473676759,0.0,-4.43697499233
118,-127.00,9.16,9.51,1473676767,0.0,-4.43697499233
119,-77.00,8.50,9.65,1473676776,0.0,-4.43697499233
120,-80.00,8.89,9.83,1473676783,0.0,-4.43697499233
121,-81.00,9.46,9.83,1473676791,0.0,-4.43697499233
123,-81.00,8.64,9.96,1473676806,0.0,-4.43697499233
124,-81.00,8.75,9.98,1473676814,0.0,-4.43697499233
125,-134.00,11.19,10.01,1473676822,0.0,-4.43697499233
126,-79.00,8.30,10.13,1473676829,0.0,-4.43697499233
128,-80.00,8.65,9.84,1473676845,0.0,-4.43697499233
129,-80.00,9.07,9.96,1473676852,0.0,-4.43697499233
131,-81.00,8.92,9.90,1473676867,0.0,-4.43697499233
132,-79.00,8.91,9.81,1473676875,0.0,-4.43697499233
133,-80.00,8.78,9.60,1473676883,0.0,-4.43697499233
134,-126.00,9.10,9.62,1473676890,0.0,-4.43697499233
135,-126.00,8.73,9.75,1473676898,0.0,-4.43697499233
136,-128.00,10.43,9.89,1473676906,0.0,-4.43697499233
137,-81.00,9.54,9.91,1473676913,0.0,-4.43697499233
138,-81.00,8.99,10.14,1473676921,0.0,-4.43697499233
139,-82.00,8.96,10.10,1473676929,0.0,-4.43697499233
140,-81.00,8.38,10.06,1473676936,0.0,-4.43697499233
141,-81.00,8.56,10.11,1473676944,0.0,-4.43697499233
142,-126.00,11.07,10.12,1473676952,0.0,-4.43697499233
143,-132.00,12.19,9.90,1473676959,0.0,-4.43697499233
144,-130.00,9.30,10.05,1473676967,0.0,-4.43697499233
145,-129.00,10.34,9.84,1473676974,0.0,-4.43697499233
146,-132.00,14.27,9.60,1473676982,0.0,-4.43697499233
147,-80.00,9.38,9.95,1473676990,0.0,-4.43697499233
148,-80.00,8.51,10.11,1473676997,0.0,-4.43697499233
149,-80.00,8.15,10.06,1473677005,0.0,-4.43697499233
150,-81.00,9.01,10.17,1473677013,0.0,-4.43697499233
151,-80.00,9.11,10.10,1473677020,0.0,-4.43697499233
152,-81.00,9.31,9.99,1473677028,0.0,-4.43697499233
153,-80.00,8.72,10.06,1473677036,0.0,-4.43697499233
154,-81.00,8.40,10.08,1473677043,0.0,-4.43697499233
155,-86.00,8.63,9.68,1473677051,0.0,-4.43697499233
156,-83.00,8.81,9.69,1473677058,0.0,-4.43697499233
157,-79.00,8.96,9.64,1473677066,0.0,-4.43697499233
158,-79.00,9.26,9.44,1473677074,0.0,-4.43697499233
159,-79.00,9.13,9.76,1473677081,0.0,-4.43697499233
160,-126.00,8.68,9.69,1473677089,0.0,-4.43697499233
161,-134.00,12.49,9.41,1473677097,0.0,-4.43697499233
162,-79.00,8.32,9.59,1473677104,0.0,-4.43697499233
163,-124.00,9.52,9.73,1473677112,0.0,-4.43697499233
164,-124.00,8.37,10.03,1473677120,0.0,-4.43697499233
165,-126.00,11.01,10.12,1473677127,0.0,-4.43697499233
166,-78.00,9.14,10.25,1473677135,0.0,-4.43697499233
167,-130.00,13.42,10.24,1473677143,0.0,-4.43697499233
168,-132.00,8.87,10.25,1473677150,0.0,-4.43697499233
169,-127.00,12.63,10.29,1473677158,0.0,-4.43697499233
170,-125.00,11.67,10.59,1473677165,0.0,-4.43697499233
171,-126.00,8.30,10.55,1473677173,0.0,-4.43697499233
172,-127.00,8.07,10.38,1473677181,0.0,-4.43697499233
173,-128.00,11.92,10.38,1473677188,0.0,-4.43697499233
174,-126.00,8.90,10.18,1473677196,0.0,-4.43697499233
175,-127.00,11.50,10.07,1473677204,0.0,-4.43697499233
176,-78.00,8.62,9.94,1473677211,0.0,-4.43697499233
177,-78.00,8.90,9.97,1473677219,0.0,-4.43697499233
178,-78.00,8.69,9.96,1473677227,0.0,-4.43697499233
179,-78.00,8.78,9.86,1473677234,0.0,-4.43697499233
180,-78.00,8.26,10.08,1473677242,0.0,-4.43697499233
181,-78.00,8.45,10.08,1473677249,0.0,-4.43697499233
182,-128.00,12.53,9.90,1473677257,0.0,-4.43697499233
183,-78.00,8.76,9.96,1473677265,0.0,-4.43697499233
184,-78.00,9.36,10.21,1473677272,0.0,-4.43697499233
185,-127.00,11.90,10.22,1473677280,0.0,-4.43697499233
186,-127.00,11.01,10.28,1473677288,0.0,-4.43697499233
187,-78.00,8.24,10.16,1473677295,0.0,-4.43697499233
188,-78.00,9.24,10.14,1473677303,0.0,-4.43697499233
189,-78.00,9.30,10.09,1473677311,0.0,-4.43697499233
190,-78.00,8.90,10.24,1473677318,0.0,-4.43697499233
191,-78.00,8.75,10.32,1473677326,0.0,-4.43697499233
192,-125.00,11.38,10.30,1473677334,0.0,-4.43697499233
193,-127.00,10.74,9.99,1473677341,0.0,-4.43697499233
194,-131.00,9.75,10.08,1473677349,0.0,-4.43697499233
195,-123.00,11.08,10.16,1473677356,0.0,-4.43697499233
196,-123.00,9.10,10.17,1473677364,0.0,-4.43697499233
197,-79.00,9.46,10.07,1473677372,0.0,-4.43697499233
199,-78.00,8.83,10.10,1473677387,0.0,-4.43697499233
200,-78.00,8.83,10.08,1473677395,0.0,-4.43697499233
201,-78.00,9.88,9.84,1473677402,0.0,-4.43697499233
202,-78.00,8.45,9.80,1473677410,0.0,-4.43697499233
203,-126.00,8.49,9.68,1473677418,0.0,-4.43697499233
204,-132.00,8.39,9.49,1473677425,0.0,-4.43697499233
205,-78.00,8.55,9.33,1473677433,0.0,-4.43697499233
206,-78.00,7.95,9.42,1473677441,0.0,-4.43697499233
207,-124.00,11.53,9.52,1473677448,0.0,-4.43697499233
208,-128.00,11.20,9.69,1473677456,0.0,-4.43697499233
209,-128.00,13.09,9.78,1473677463,0.0,-4.43697499233
210,-125.00,12.51,9.96,1473677471,0.0,-4.43697499233
211,-78.00,9.44,10.34,1473677479,0.0,-4.43697499233
212,-127.00,8.51,10.38,1473677486,0.0,-4.43697499233
213,-130.00,8.29,10.40,1473677494,0.0,-4.43697499233
214,-78.00,8.44,10.40,1473677502,0.0,-4.43697499233
215,-78.00,9.31,10.49,1473677509,0.0,-4.43697499233
216,-78.00,8.67,10.17,1473677517,0.0,-4.43697499233
217,-78.00,9.24,10.17,1473677525,0.0,-4.43697499233
218,-78.00,7.71,9.99,1473677532,0.0,-4.43697499233
219,-128.00,11.92,9.89,1473677540,0.0,-4.43697499233
220,-78.00,8.89,9.84,1473677547,0.0,-4.43697499233
221,-78.00,9.05,9.98,1473677556,0.0,-4.43697499233
222,-78.00,8.99,10.02,1473677564,0.0,-4.43697499233
223,-78.00,9.24,10.22,1473677571,0.0,-4.43697499233
224,-131.00,11.00,10.33,1473677579,0.0,-4.43697499233
225,-124.00,8.98,10.49,1473677587,0.0,-4.43697499233
226,-125.00,8.62,10.51,1473677594,0.0,-4.43697499233
227,-78.00,8.66,10.57,1473677602,0.0,-4.43697499233
230,-128.00,12.42,10.45,1473677625,0.0,-4.43697499233
231,-78.00,9.15,10.70,1473677633,0.0,-4.43697499233
232,-78.00,9.35,10.67,1473677640,0.0,-4.43697499233
233,-79.00,8.96,10.69,1473677648,0.0,-4.43697499233
234,-78.00,9.02,10.23,1473677655,0.0,-4.43697499233
235,-78.00,8.89,10.21,1473677663,0.0,-4.43697499233
236,-78.00,8.65,10.23,1473677671,0.0,-4.43697499233
237,-124.00,10.02,10.16,1473677678,0.0,-4.43697499233
238,-127.00,12.23,10.32,1473677686,0.0,-4.43697499233
239,-126.00,12.68,10.16,1473677694,0.0,-4.43697499233
240,-127.00,9.48,10.17,1473677701,0.0,-4.43697499233
241,-132.00,13.33,10.00,1473677709,0.0,-4.43697499233
242,-129.00,13.75,10.24,1473677717,0.0,-4.43697499233
244,-79.00,9.27,10.10,1473677732,0.0,-4.43697499233
245,-78.00,8.74,10.03,1473677739,0.0,-4.43697499233
246,-126.00,9.75,10.03,1473677747,0.0,-4.43697499233
247,-78.00,9.20,9.91,1473677755,0.0,-4.43697499233
248,-126.00,12.30,9.72,1473677762,0.0,-4.43697499233
250,-78.00,8.49,9.94,1473677778,0.0,-4.43697499233
251,-124.00,8.90,9.85,1473677785,0.0,-4.43697499233
252,-127.00,11.47,9.57,1473677793,0.0,-4.43697499233
253,-78.00,8.92,9.78,1473677801,0.0,-4.43697499233
256,-127.00,11.37,10.29,1473677824,0.0,-4.43697499233
258,-125.00,8.11,10.47,1473677839,0.0,-4.43697499233
259,-79.00,8.41,10.41,1473677846,0.0,-4.43697499233
260,-127.00,11.42,10.25,1473677854,0.0,-4.43697499233
261,-79.00,8.81,10.10,1473677862,0.0,-4.43697499233
264,-78.00,8.85,10.13,1473677885,0.0,-4.43697499233
265,-125.00,10.84,9.85,1473677892,0.0,-4.43697499233
267,-132.00,8.63,9.60,1473677908,0.0,-4.43697499233
269,-78.00,9.32,9.54,1473677923,0.0,-4.43697499233
270,-126.00,9.42,9.53,1473677930,0.0,-4.43697499233
271,-136.00,12.98,9.56,1473677938,0.0,-4.43697499233
272,-79.00,9.38,9.81,1473677946,0.0,-4.43697499233
274,-128.00,9.61,9.70,1473677961,0.0,-4.43697499233
275,-126.00,9.50,9.77,1473677969,0.0,-4.43697499233
276,-126.00,10.32,9.79,1473677976,0.0,-4.43697499233
277,-78.00,8.58,9.97,1473677984,0.0,-4.43697499233
278,-132.00,11.04,10.12,1473677992,0.0,-4.43697499233
279,-124.00,9.45,10.27,1473677999,0.0,-4.43697499233
280,-78.00,9.48,10.15,1473678007,0.0,-4.43697499233
281,-140.00,10.03,10.05,1473678015,0.0,-4.43697499233
282,-78.00,8.82,10.04,1473678022,0.0,-4.43697499233
283,-122.00,11.80,10.12,1473678030,0.0,-4.43697499233
284,-78.00,9.14,10.38,1473678037,0.0,-4.43697499233
285,-124.00,11.18,10.30,1473678045,0.0,-4.43697499233
286,-126.00,10.42,10.26,1473678053,0.0,-4.43697499233
287,-78.00,8.52,10.00,1473678060,0.0,-4.43697499233
288,-78.00,8.80,10.11,1473678068,0.0,-4.43697499233
289,-134.00,12.36,10.07,1473678076,0.0,-4.43697499233
290,-78.00,9.39,10.24,1473678083,0.0,-4.43697499233
291,-79.00,8.82,10.46,1473678091,0.0,-4.43697499233
292,-127.00,9.37,10.30,1473678099,0.0,-4.43697499233
294,-129.00,10.62,10.41,1473678114,0.0,-4.43697499233
296,-78.00,9.36,10.62,1473678129,0.0,-4.43697499233
299,-132.00,8.40,10.53,1473678152,0.0,-4.43697499233
300,-78.00,7.56,10.55,1473678160,0.0,-4.43697499233
301,-78.00,8.95,10.42,1473678167,0.0,-4.43697499233
302,-128.00,9.72,10.31,1473678175,0.0,-4.43697499233
303,-127.00,11.00,10.33,1473678183,0.0,-4.43697499233
306,-78.00,9.33,10.05,1473678206,0.0,-4.43697499233
307,-79.00,9.29,9.97,1473678213,0.0,-4.43697499233
308,-127.00,9.32,9.87,1473678221,0.0,-4.43697499233
309,-78.00,9.40,9.76,1473678228,0.0,-4.43697499233
310,-78.00,8.73,9.90,1473678236,0.0,-4.43697499233
311,-78.00,9.17,9.84,1473678244,0.0,-4.43697499233
313,-78.00,8.82,9.69,1473678259,0.0,-4.43697499233
315,-128.00,11.71,9.85,1473678274,0.0,-4.43697499233
316,-78.00,8.66,9.97,1473678282,0.0,-4.43697499233
317,-78.00,8.82,9.95,1473678290,0.0,-4.43697499233
318,-124.00,10.30,9.87,1473678297,0.0,-4.43697499233
319,-132.00,13.50,9.94,1473678305,0.0,-4.43697499233
320,-78.00,8.58,10.20,1473678313,0.0,-4.43697499233
324,-127.00,9.43,10.51,1473678343,0.0,-4.43697499233
325,-126.00,11.35,10.45,1473678351,0.0,-4.43697499233
326,-78.00,9.21,10.41,1473678358,0.0,-4.43697499233
327,-128.00,10.92,10.44,1473678366,0.0,-4.43697499233
328,-126.00,10.82,10.59,1473678374,0.0,-4.43697499233
330,-127.00,8.51,10.29,1473678389,0.0,-4.43697499233
331,-126.00,10.83,10.11,1473678398,0.0,-4.43697499233
332,-129.00,12.55,10.14,1473678405,0.0,-4.43697499233
333,-78.00,8.81,10.10,1473678413,0.0,-4.43697499233
334,-124.00,8.80,10.10,1473678420,0.0,-4.43697499233
337,-78.00,9.62,10.02,1473678443,0.0,-4.43697499233
338,-78.00,8.81,9.97,1473678451,0.0,-4.43697499233
339,-78.00,9.37,9.98,1473678459,0.0,-4.43697499233
340,-78.00,9.37,10.12,1473678466,0.0,-4.43697499233
341,-129.00,11.86,10.08,1473678474,0.0,-4.43697499233
344,-78.00,8.26,10.12,1473678497,0.0,-4.43697499233
345,-127.00,12.09,10.10,1473678505,0.0,-4.43697499233
346,-135.00,11.05,10.37,1473678512,0.0,-4.43697499233
347,-78.00,8.52,10.43,1473678520,0.0,-4.43697499233
348,-78.00,8.96,10.40,1473678527,0.0,-4.43697499233
349,-129.00,11.80,10.26,1473678535,0.0,-4.43697499233
350,-127.00,10.24,10.29,1473678543,0.0,-4.43697499233
351,-78.00,8.87,10.31,1473678550,0.0,-4.43697499233
352,-135.00,9.76,10.15,1473678558,0.0,-4.43697499233
354,-127.00,9.50,9.92,1473678573,0.0,-4.43697499233
356,-78.00,8.79,9.45,1473678589,0.0,-4.43697499233
357,-80.00,8.61,9.43,1473678596,0.0,-4.43697499233
358,-79.00,8.88,9.42,1473678604,0.0,-4.43697499233
361,-79.00,8.96,9.38,1473678627,0.0,-4.43697499233
363,-128.00,8.83,9.35,1473678642,0.0,-4.43697499233
365,-126.00,9.98,9.38,1473678657,0.0,-4.43697499233
366,-130.00,11.48,9.60,1473678665,0.0,-4.43697499233
368,-79.00,9.56,9.83,1473678680,0.0,-4.43697499233
369,-79.00,9.16,9.84,1473678688,0.0,-4.43697499233
371,-135.00,14.35,9.87,1473678703,0.0,-4.43697499233
373,-127.00,8.36,10.26,1473678718,0.0,-4.43697499233
374,-79.00,8.95,10.11,1473678726,0.0,-4.43697499233
375,-78.00,9.37,10.10,1473678734,0.0,-4.43697499233
376,-79.00,9.14,10.24,1473678741,0.0,-4.43697499233
377,-124.00,11.55,10.11,1473678749,0.0,-4.43697499233
378,-78.00,8.79,10.08,1473678757,0.0,-4.43697499233
379,-136.00,9.50,10.03,1473678764,0.0,-4.43697499233
380,-128.00,11.85,10.02,1473678772,0.0,-4.43697499233
381,-136.00,11.47,9.73,1473678780,0.0,-4.43697499233
382,-78.00,9.18,9.82,1473678787,0.0,-4.43697499233
383,-131.00,13.40,9.85,1473678795,0.0,-4.43697499233
384,-79.00,9.03,10.48,1473678803,0.0,-4.43697499233
385,-127.00,11.65,10.40,1473678810,0.0,-4.43697499233
386,-79.00,8.62,10.40,1473678818,0.0,-4.43697499233
387,-127.00,9.64,10.31,1473678825,0.0,-4.43697499233
388,-133.00,9.81,10.68,1473678833,0.0,-4.43697499233
389,-78.00,8.76,10.71,1473678839,0.0,-4.43697499233
391,-133.00,10.82,10.47,1473678855,0.0,-4.43697499233
393,-134.00,13.14,10.46,1473678870,0.0,-4.43697499233
395,-128.00,10.55,10.33,1473678885,0.0,-4.43697499233
396,-78.00,9.35,10.34,1473678893,0.0,-4.43697499233
397,-78.00,8.43,10.36,1473678901,0.0,-4.43697499233
398,-78.00,8.46,10.41,1473678908,0.0,-4.43697499233
399,-78.00,9.13,10.13,1473678916,0.0,-4.43697499233
400,-78.00,9.02,10.17,1473678923,0.0,-4.43697499233
401,-79.00,9.02,10.40,1473678931,0.0,-4.43697499233
402,-123.00,13.68,10.38,1473678939,0.0,-4.43697499233
403,-78.00,9.54,10.52,1473678946,0.0,-4.43697499233
404,-78.00,9.34,10.51,1473678954,0.0,-4.43697499233
405,-78.00,8.90,10.50,1473678962,0.0,-4.43697499233
406,-78.00,8.43,10.37,1473678969,0.0,-4.43697499233
407,-78.00,8.98,10.50,1473678977,0.0,-4.43697499233
408,-137.00,8.66,10.61,1473678985,0.0,-4.43697499233
409,-78.00,8.86,10.45,1473678992,0.0,-4.43697499233
410,-79.00,9.18,10.43,1473679000,0.0,-4.43697499233
411,-79.00,8.74,9.87,1473679008,0.0,-4.43697499233
412,-130.00,11.69,9.70,1473679015,0.0,-4.43697499233
413,-79.00,8.82,9.91,1473679023,0.0,-4.43697499233
414,-79.00,9.29,10.09,1473679030,0.0,-4.43697499233
415,-78.00,9.34,10.17,1473679038,0.0,-4.43697499233
416,-138.00,8.86,10.21,1473679046,0.0,-4.43697499233
417,-128.00,11.79,10.04,1473679053,0.0,-4.43697499233
418,-129.00,11.78,10.43,1473679061,0.0,-4.43697499233
419,-78.00,9.18,10.60,1473679069,0.0,-4.43697499233
420,-126.00,11.35,10.89,1473679076,0.0,-4.43697499233
421,-130.00,12.49,10.68,1473679084,0.0,-4.43697499233
422,-129.00,10.61,10.78,1473679092,0.0,-4.43697499233
423,-79.00,9.13,10.70,1473679099,0.0,-4.43697499233
424,-78.00,8.88,10.75,1473679107,0.0,-4.43697499233
425,-79.00,9.35,10.55,1473679114,0.0,-4.43697499233
426,-79.00,9.17,10.37,1473679122,0.0,-4.43697499233
427,-78.00,8.12,10.01,1473679130,0.0,-4.43697499233
428,-128.00,12.64,10.10,1473679137,0.0,-4.43697499233
429,-79.00,9.26,9.94,1473679145,0.0,-4.43697499233
430,-131.00,11.71,10.02,1473679153,0.0,-4.43697499233
431,-129.00,12.08,10.07,1473679156,0.0,-4.43697499233
432,-128.00,12.88,10.23,1473679164,0.0,-4.43697499233
433,-79.00,9.47,10.47,1473679171,0.0,-4.43697499233
434,-79.00,8.93,10.56,1473679180,0.0,-4.43697499233
435,-133.00,11.46,10.62,1473679187,0.0,-4.43697499233
436,-79.00,8.30,10.75,1473679195,0.0,-4.43697499233
440,-129.00,12.68,10.37,1473679226,0.0,-4.43697499233
441,-79.00,9.23,10.32,1473679233,0.0,-4.43697499233
442,-79.00,8.97,10.08,1473679241,0.0,-4.43697499233
443,-78.00,9.08,10.00,1473679249,0.0,-4.43697499233
444,-78.00,8.56,9.93,1473679256,0.0,-4.43697499233
445,-140.00,9.87,9.93,1473679264,0.0,-4.43697499233
446,-125.00,9.07,9.90,1473679271,0.0,-4.43697499233
447,-79.00,8.68,9.84,1473679279,0.0,-4.43697499233
448,-130.00,11.01,9.87,1473679287,0.0,-4.43697499233
449,-78.00,8.68,9.73,1473679294,0.0,-4.43697499233
450,-78.00,8.64,9.68,1473679302,0.0,-4.43697499233
451,-79.00,9.35,9.68,1473679310,0.0,-4.43697499233
452,-130.00,12.47,9.74,1473679317,0.0,-4.43697499233
455,-134.00,9.66,9.86,1473679340,0.0,-4.43697499233
456,-79.00,9.08,9.85,1473679348,0.0,-4.43697499233
457,-125.00,9.84,9.92,1473679356,0.0,-4.43697499233
458,-127.00,7.68,9.97,1473679363,0.0,-4.43697499233
459,-79.00,8.18,9.83,1473679371,0.0,-4.43697499233
460,-79.00,8.35,9.81,1473679378,0.0,-4.43697499233
461,-131.00,9.75,9.85,1473679386,0.0,-4.43697499233
462,-83.00,8.69,9.61,1473679394,0.0,-4.43697499233
463,-82.00,9.16,9.61,1473679401,0.0,-4.43697499233
464,-82.00,8.67,9.32,1473679409,0.0,-4.43697499233
465,-132.00,12.54,9.49,1473679417,0.0,-4.43697499233
466,-130.00,11.78,9.44,1473679424,0.0,-4.43697499233
467,-136.00,13.31,9.54,1473679432,0.0,-4.43697499233
468,-82.00,8.39,9.94,1473679440,0.0,-4.43697499233
469,-130.00,11.54,10.14,1473679447,0.0,-4.43697499233
470,-82.00,8.56,10.28,1473679455,0.0,-4.43697499233
471,-82.00,9.24,10.26,1473679462,0.0,-4.43697499233
472,-82.00,9.06,10.41,1473679470,0.0,-4.43697499233
473,-82.00,9.13,10.25,1473679478,0.0,-4.43697499233
474,-81.00,9.00,10.05,1473679485,0.0,-4.43697499233
475,-80.00,8.67,9.94,1473679493,0.0,-4.43697499233
476,-132.00,12.24,9.84,1473679501,0.0,-4.43697499233
477,-82.00,9.07,9.81,1473679508,0.0,-4.43697499233
478,-125.00,12.97,9.85,1473679516,0.0,-4.43697499233
479,-81.00,8.94,10.16,1473679524,0.0,-4.43697499233
480,-81.00,9.02,10.07,1473679531,0.0,-4.43697499233
481,-81.00,8.87,10.42,1473679539,0.0,-4.43697499233
482,-82.00,8.80,10.42,1473679547,0.0,-4.43697499233
483,-80.00,9.20,10.46,1473679554,0.0,-4.43697499233
485,-127.00,13.00,10.58,1473679569,0.0,-4.43697499233
486,-81.00,8.59,10.66,1473679577,0.0,-4.43697499233
487,-81.00,9.56,10.53,1473679585,0.0,-4.43697499233
488,-129.00,10.50,10.31,1473679592,0.0,-4.43697499233
489,-132.00,10.89,10.43,1473679600,0.0,-4.43697499233
490,-136.00,11.14,10.25,1473679608,0.0,-4.43697499233
491,-83.00,8.71,10.45,1473679615,0.0,-4.43697499233
492,-130.00,9.30,10.46,1473679623,0.0,-4.43697499233
493,-82.00,9.21,10.35,1473679631,0.0,-4.43697499233
494,-127.00,9.76,9.91,1473679638,0.0,-4.43697499233
495,-82.00,8.93,9.96,1473679646,0.0,-4.43697499233
496,-134.00,11.63,9.93,1473679654,0.0,-4.43697499233
497,-83.00,9.70,10.02,1473679660,0.0,-4.43697499233
498,-82.00,9.04,9.90,1473679667,0.0,-4.43697499233
499,-82.00,9.06,9.87,1473679675,0.0,-4.43697499233
500,-82.00,8.33,9.72,1473679683,0.0,-4.43697499233
501,-129.00,9.18,9.66,1473679690,0.0,-4.43697499233
502,-81.00,8.17,9.65,1473679698,0.0,-4.43697499233
503,-81.00,8.71,9.62,1473679706,0.0,-4.43697499233
504,-128.00,9.14,9.39,1473679713,0.0,-4.43697499233
505,-132.00,12.26,9.22,1473679721,0.0,-4.43697499233
506,-81.00,9.00,9.42,1473679729,0.0,-4.43697499233
507,-81.00,9.05,9.51,1473679736,0.0,-4.43697499233
508,-129.00,9.05,9.26,1473679744,0.0,-4.43697499233
509,-82.00,9.54,9.40,1473679752,0.0,-4.43697499233
510,-82.00,9.37,9.60,1473679759,0.0,-4.43697499233
511,-82.00,9.22,9.62,1473679767,0.0,-4.43697499233
512,-82.00,8.67,9.71,1473679774,0.0,-4.43697499233
513,-81.00,8.52,9.75,1473679782,0.0,-4.43697499233
514,-82.00,8.12,9.62,1473679790,0.0,-4.43697499233
515,-130.00,9.67,9.77,1473679797,0.0,-4.43697499233
516,-81.00,7.59,9.86,1473679805,0.0,-4.43697499233
517,-129.00,11.86,9.82,1473679813,0.0,-4.43697499233
518,-138.00,11.08,9.81,1473679820,0.0,-4.43697499233
519,-133.00,13.11,9.89,1473679828,0.0,-4.43697499233
521,-129.00,11.06,10.21,1473679843,0.0,-4.43697499233
522,-136.00,11.25,10.28,1473679851,0.0,-4.43697499233
524,-81.00,8.62,10.29,1473679866,0.0,-4.43697499233
525,-81.00,8.46,10.11,1473679874,0.0,-4.43697499233
526,-129.00,9.34,10.16,1473679881,0.0,-4.43697499233
527,-80.00,8.61,10.12,1473679889,0.0,-4.43697499233
528,-125.00,12.60,10.14,1473679895,0.0,-4.43697499233
529,-81.00,9.15,10.25,1473679903,0.0,-4.43697499233
531,-81.00,8.84,10.00,1473679918,0.0,-4.43697499233
532,-80.00,8.78,9.95,1473679926,0.0,-4.43697499233
534,-81.00,8.74,9.89,1473679937,0.0,-4.43697499233
535,-81.00,9.48,9.95,1473679944,0.0,-4.43697499233
537,-80.00,8.78,9.84,1473679960,0.0,-4.43697499233
539,-133.00,11.25,9.71,1473679975,0.0,-4.43697499233
540,-130.00,12.32,9.76,1473679983,0.0,-4.43697499233
541,-134.00,11.51,9.88,1473679990,0.0,-4.43697499233
542,-129.00,11.28,10.02,1473679998,0.0,-4.43697499233
544,-127.00,9.98,10.34,1473680014,0.0,-4.43697499233
545,-81.00,8.92,10.37,1473680022,0.0,-4.43697499233
546,-129.00,8.53,10.40,1473680030,0.0,-4.43697499233
548,-82.00,8.61,10.27,1473680045,0.0,-4.43697499233
549,-80.00,8.46,10.26,1473680052,0.0,-4.43697499233
550,-133.00,11.86,10.02,1473680060,0.0,-4.43697499233
552,-81.00,8.70,9.91,1473680075,0.0,-4.43697499233
553,-80.00,9.03,9.72,1473680083,0.0,-4.43697499233
554,-129.00,11.35,9.56,1473680091,0.0,-4.43697499233
555,-82.00,9.20,9.53,1473680098,0.0,-4.43697499233
556,-127.00,11.66,9.52,1473680106,0.0,-4.43697499233
557,-80.00,9.68,9.85,1473680114,0.0,-4.43697499233
558,-81.00,9.01,9.81,1473680121,0.0,-4.43697499233
559,-80.00,8.52,9.69,1473680129,0.0,-4.43697499233
560,-81.00,9.17,9.62,1473680137,0.0,-4.43697499233
561,-135.00,8.98,9.68,1473680144,0.0,-4.43697499233
562,-82.00,8.84,9.69,1473680152,0.0,-4.43697499233
563,-82.00,9.17,9.96,1473680159,0.0,-4.43697499233
564,-132.00,12.66,10.05,1473680167,0.0,-4.43697499233
565,-135.00,13.42,10.14,1473680175,0.0,-4.43697499233
566,-129.00,10.65,10.24,1473680182,0.0,-4.43697499233
567,-128.00,12.50,10.29,1473680190,0.0,-4.43697499233
568,-82.00,9.13,10.50,1473680198,0.0,-4.43697499233
569,-81.00,8.51,10.36,1473680205,0.0,-4.43697499233
570,-125.00,9.40,10.32,1473680213,0.0,-4.43697499233
571,-81.00,9.57,10.25,1473680221,0.0,-4.43697499233
572,-129.00,11.29,10.29,1473680228,0.0,-4.43697499233
573,-81.00,9.00,10.38,1473680236,0.0,-4.43697499233
574,-81.00,8.60,10.16,1473680243,0.0,-4.43697499233
575,-82.00,9.42,10.18,1473680251,0.0,-4.43697499233
576,-81.00,8.69,10.01,1473680259,0.0,-4.43697499233
577,-82.00,10.09,10.15,1473680266,0.0,-4.43697499233
578,-81.00,8.99,10.28,1473680274,0.0,-4.43697499233
579,-131.00,12.64,10.42,1473680282,0.0,-4.43697499233
580,-81.00,8.52,10.75,1473680289,0.0,-4.43697499233
581,-82.00,9.47,10.81,1473680297,0.0,-4.43697499233
582,-131.00,13.44,10.63,1473680305,0.0,-4.43697499233
583,-81.00,9.65,10.83,1473680312,0.0,-4.43697499233
584,-80.00,9.49,10.85,1473680320,0.0,-4.43697499233
585,-80.00,9.35,10.85,1473680328,0.0,-4.43697499233
586,-80.00,8.46,10.64,1473680335,0.0,-4.43697499233
587,-126.00,11.12,10.74,1473680343,0.0,-4.43697499233
588,-81.00,9.08,10.17,1473680350,0.0,-4.43697499233
589,-81.00,8.40,10.16,1473680354,0.0,-4.43697499233
590,-80.00,9.75,9.83,1473680361,0.0,-4.43697499233
591,-127.00,12.09,9.60,1473680369,0.0,-4.43697499233
592,-80.00,8.98,9.89,1473680377,0.0,-4.43697499233
593,-81.00,9.18,9.84,1473680384,0.0,-4.43697499233
594,-82.00,8.86,9.80,1473680392,0.0,-4.43697499233
595,-82.00,10.33,9.73,1473680399,0.0,-4.43697499233
596,-82.00,9.34,9.62,1473680407,0.0,-4.43697499233
597,-128.00,8.90,9.84,1473680415,0.0,-4.43697499233
598,-128.00,8.93,9.88,1473680422,0.0,-4.43697499233
599,-130.00,8.84,9.86,1473680430,0.0,-4.43697499233
600,-82.00,8.83,9.64,1473680438,0.0,-4.43697499233
601,-81.00,8.90,9.62,1473680445,0.0,-4.43697499233
602,-82.00,8.87,9.91,1473680453,0.0,-4.43697499233
603,-82.00,8.98,9.88,1473680461,0.0,-4.43697499233
604,-81.00,9.11,9.75,1473680468,0.0,-4.43697499233
605,-81.00,9.22,9.80,1473680476,0.0,-4.43697499233
606,-127.00,12.75,9.86,1473680484,0.0,-4.43697499233
607,-130.00,11.27,10.23,1473680491,0.0,-4.43697499233
608,-81.00,8.54,10.31,1473680499,0.0,-4.43697499233
609,-131.00,11.24,10.30,1473680506,0.0,-4.43697499233
610,-132.00,13.58,10.12,1473680514,0.0,-4.43697499233
611,-80.00,8.84,10.41,1473680522,0.0,-4.43697499233
612,-135.00,9.09,10.44,1473680529,0.0,-4.43697499233
613,-130.00,12.11,10.44,1473680537,0.0,-4.43697499233
614,-132.00,12.78,10.39,1473680545,0.0,-4.43697499233
615,-129.00,11.80,10.46,1473680552,0.0,-4.43697499233
616,-132.00,9.59,10.54,1473680560,0.0,-4.43697499233
617,-81.00,9.24,10.67,1473680568,0.0,-4.43697499233
618,-134.00,12.63,10.60,1473680575,0.0,-4.43697499233
619,-82.00,9.68,10.53,1473680583,0.0,-4.43697499233
620,-127.00,9.85,10.56,1473680590,0.0,-4.43697499233
621,-81.00,9.20,10.65,1473680598,0.0,-4.43697499233
622,-129.00,9.70,10.61,1473680606,0.0,-4.43697499233
623,-131.00,14.73,10.68,1473680613,0.0,-4.43697499233
624,-81.00,9.00,10.56,1473680621,0.0,-4.43697499233
625,-81.00,9.00,10.57,1473680629,0.0,-4.43697499233
626,-82.00,8.96,10.50,1473680636,0.0,-4.43697499233
627,-128.00,10.33,10.33,1473680644,0.0,-4.43697499233
628,-82.00,8.66,10.50,1473680652,0.0,-4.43697499233
629,-82.00,9.40,10.44,1473680659,0.0,-4.43697499233
630,-129.00,11.13,10.30,1473680667,0.0,-4.43697499233
631,-82.00,9.08,10.18,1473680675,0.0,-4.43697499233
632,-81.00,8.48,9.72,1473680682,0.0,-4.43697499233
633,-130.00,11.65,9.66,1473680690,0.0,-4.43697499233
634,-130.00,10.21,9.70,1473680697,0.0,-4.43697499233
635,-128.00,9.57,9.86,1473680705,0.0,-4.43697499233
636,-81.00,8.82,9.90,1473680713,0.0,-4.43697499233
637,-130.00,12.32,9.64,1473680720,0.0,-4.43697499233
639,-82.00,8.95,9.74,1473680736,0.0,-4.43697499233
640,-81.00,8.66,9.79,1473680743,0.0,-4.43697499233
643,-80.00,8.41,10.15,1473680766,0.0,-4.43697499233
644,-81.00,8.77,10.12,1473680774,0.0,-4.43697499233
645,-81.00,8.87,10.05,1473680782,0.0,-4.43697499233
646,-82.00,9.29,9.89,1473680789,0.0,-4.43697499233
647,-82.00,9.54,9.82,1473680797,0.0,-4.43697499233
648,-81.00,9.59,9.65,1473680804,0.0,-4.43697499233
649,-82.00,9.50,9.73,1473680812,0.0,-4.43697499233
650,-132.00,9.91,9.88,1473680820,0.0,-4.43697499233
651,-82.00,8.53,9.63,1473680827,0.0,-4.43697499233
652,-82.00,9.18,9.51,1473680835,0.0,-4.43697499233
653,-134.00,11.59,9.67,1473680843,0.0,-4.43697499233
654,-82.00,8.91,9.87,1473680850,0.0,-4.43697499233
655,-82.00,9.17,9.86,1473680859,0.0,-4.43697499233
656,-131.00,9.24,9.94,1473680867,0.0,-4.43697499233
657,-135.00,11.89,9.96,1473680874,0.0,-4.43697499233
658,-81.00,9.25,10.18,1473680882,0.0,-4.43697499233
659,-82.00,9.15,10.43,1473680889,0.0,-4.43697499233
661,-130.00,9.63,10.45,1473680905,0.0,-4.43697499233
663,-81.00,9.73,10.34,1473680920,0.0,-4.43697499233
664,-137.00,8.75,10.27,1473680928,0.0,-4.43697499233
665,-82.00,9.29,10.31,1473680935,0.0,-4.43697499233
666,-82.00,8.85,10.28,1473680943,0.0,-4.43697499233
667,-128.00,10.37,10.11,1473680951,0.0,-4.43697499233
668,-129.00,10.13,10.15,1473680958,0.0,-4.43697499233
670,-81.00,9.54,9.86,1473680974,0.0,-4.43697499233
671,-81.00,9.52,9.83,1473680981,0.0,-4.43697499233
672,-81.00,8.30,9.79,1473680989,0.0,-4.43697499233
673,-129.00,9.14,9.71,1473680996,0.0,-4.43697499233
674,-80.00,8.58,9.93,1473681004,0.0,-4.43697499233
675,-81.00,9.04,9.85,1473681012,0.0,-4.43697499233
676,-82.00,9.29,9.84,1473681019,0.0,-4.43697499233
677,-136.00,9.04,9.87,1473681027,0.0,-4.43697499233
678,-132.00,13.23,9.77,1473681035,0.0,-4.43697499233
679,-131.00,14.86,9.97,1473681042,0.0,-4.43697499233
680,-133.00,11.63,10.49,1473681050,0.0,-4.43697499233
681,-82.00,9.07,10.64,1473681058,0.0,-4.43697499233
682,-81.00,8.16,10.38,1473681065,0.0,-4.43697499233
683,-129.00,13.18,10.40,1473681073,0.0,-4.43697499233
684,-80.00,8.26,10.70,1473681080,0.0,-4.43697499233
685,-81.00,8.81,10.67,1473681088,0.0,-4.43697499233
686,-91.00,8.78,10.45,1473681096,0.0,-4.43697499233
687,-93.00,9.10,10.22,1473681103,0.0,-4.43697499233
688,-91.00,9.07,9.62,1473681111,0.0,-4.43697499233
689,-92.00,8.89,9.43,1473681119,0.0,-4.43697499233
690,-91.00,8.45,9.40,1473681126,0.0,-4.43697499233
691,-91.00,8.82,9.33,1473681134,0.0,-4.43697499233
692,-91.00,8.25,9.25,1473681142,0.0,-4.43697499233
693,-91.00,8.78,9.03,1473681149,0.0,-4.43697499233
694,-92.00,8.97,9.11,1473681157,0.0,-4.43697499233
695,-93.00,8.53,9.15,1473681165,0.0,-4.43697499233
696,-92.00,9.18,9.18,1473681172,0.0,-4.43697499233
697,-92.00,8.96,9.18,1473681180,0.0,-4.43697499233
698,-91.00,8.97,9.19,1473681187,0.0,-4.43697499233
699,-91.00,9.02,9.19,1473681195,0.0,-4.43697499233
700,-90.00,8.97,9.17,1473681203,0.0,-4.43697499233
701,-139.00,9.96,9.20,1473681210,0.0,-4.43697499233
702,-91.00,8.46,9.23,1473681218,0.0,-4.43697499233
703,-92.00,9.17,9.20,1473681226,0.0,-4.43697499233
704,-93.00,8.88,9.21,1473681233,0.0,-4.43697499233
705,-92.00,9.17,9.21,1473681241,0.0,-4.43697499233
706,-93.00,8.71,9.21,1473681249,0.0,-4.43697499233
707,-93.00,9.75,9.33,1473681256,0.0,-4.43697499233
708,-91.00,9.32,9.38,1473681264,0.0,-4.43697499233
709,-92.00,9.08,9.38,1473681271,0.0,-4.43697499233
710,-139.00,11.08,9.34,1473681279,0.0,-4.43697499233
711,-90.00,9.36,9.53,1473681287,0.0,-4.43697499233
712,-91.00,8.66,9.64,1473681294,0.0,-4.43697499233
713,-91.00,9.04,9.66,1473681302,0.0,-4.43697499233
714,-91.00,8.58,9.70,1473681310,0.0,-4.43697499233
715,-90.00,8.92,9.72,1473681317,0.0,-4.43697499233
716,-91.00,9.62,9.51,1473681325,0.0,-4.43697499233
717,-91.00,8.65,9.49,1473681333,0.0,-4.43697499233
718,-91.00,8.96,9.42,1473681340,0.0,-4.43697499233
719,-91.00,9.22,9.25,1473681348,0.0,-4.43697499233
720,-91.00,8.73,9.13,1473681356,0.0,-4.43697499233
721,-92.00,8.64,9.07,1473681363,0.0,-4.43697499233
722,-91.00,8.73,9.03,1473681371,0.0,-4.43697499233
723,-92.00,9.65,9.02,1473681378,0.0,-4.43697499233
724,-92.00,8.89,9.09,1473681386,0.0,-4.43697499233
725,-90.00,9.34,9.11,1473681394,0.0,-4.43697499233
726,-138.00,10.69,9.22,1473681401,0.0,-4.43697499233
727,-90.00,9.49,9.26,1473681409,0.0,-4.43697499233
728,-91.00,8.62,9.31,1473681417,0.0,-4.43697499233
729,-91.00,9.25,9.32,1473681424,0.0,-4.43697499233
730,-90.00,8.97,9.34,1473681432,0.0,-4.43697499233
731,-92.00,9.10,9.32,1473681440,0.0,-4.43697499233
732,-92.00,8.80,9.31,1473681447,0.0,-4.43697499233
733,-92.00,9.08,9.19,1473681455,0.0,-4.43697499233
734,-92.00,9.03,9.19,1473681463,0.0,-4.43697499233
735,-92.00,8.57,9.15,1473681470,0.0,-4.43697499233
736,-138.00,8.66,9.20,1473681478,0.0,-4.43697499233
737,-91.00,9.10,9.29,1473681485,0.0,-4.43697499233
738,-91.00,9.39,9.32,1473681493,0.0,-4.43697499233
739,-91.00,9.34,9.38,1473681501,0.0,-4.43697499233
740,-91.00,9.10,9.41,1473681508,0.0,-4.43697499233
741,-91.00,8.73,9.55,1473681516,0.0,-4.43697499233
742,-91.00,9.12,9.53,1473681524,0.0,-4.43697499233
743,-91.00,8.91,9.53,1473681531,0.0,-4.43697499233
744,-91.00,9.48,9.55,1473681539,0.0,-4.43697499233
745,-91.00,9.57,9.37,1473681547,0.0,-4.43697499233
748,-91.00,9.36,9.48,1473681569,0.0,-4.43697499233
749,-90.00,7.96,9.46,1473681577,0.0,-4.43697499233
750,-90.00,8.82,9.28,1473681585,0.0,-4.43697499233
752,-139.00,10.79,9.27,1473681600,0.0,-4.43697499233
753,-90.00,8.65,9.36,1473681608,0.0,-4.43697499233
754,-91.00,8.79,9.31,1473681615,0.0,-4.43697499233
755,-91.00,8.79,9.32,1473681623,0.0,-4.43697499233
756,-91.00,9.12,9.28,1473681631,0.0,-4.43697499233
757,-139.00,10.74,9.14,1473681639,0.0,-4.43697499233
758,-91.00,8.94,9.19,1473681647,0.0,-4.43697499233
759,-89.00,9.00,9.26,1473681655,0.0,-4.43697499233
760,-135.00,10.85,9.28,1473681662,0.0,-4.43697499233
762,-92.00,9.08,9.30,1473681677,0.0,-4.43697499233
763,-142.00,10.57,9.39,1473681685,0.0,-4.43697499233
764,-93.00,9.72,9.44,1473681693,0.0,-4.43697499233
765,-91.00,9.55,9.50,1473681700,0.0,-4.43697499233
766,-92.00,9.61,9.56,1473681708,0.0,-4.43697499233
767,-92.00,9.15,9.50,1473681716,0.0,-4.43697499233
768,-91.00,8.05,9.45,1473681723,0.0,-4.43697499233
769,-91.00,9.68,9.41,1473681731,0.0,-4.43697499233
770,-90.00,8.65,9.39,1473681739,0.0,-4.43697499233
771,-90.00,9.38,9.28,1473681746,0.0,-4.43697499233
772,-90.00,8.24,9.21,1473681754,0.0,-4.43697499233
773,-90.00,9.10,9.13,1473681761,0.0,-4.43697499233
774,-91.00,8.23,9.08,1473681769,0.0,-4.43697499233
775,-90.00,9.47,9.03,1473681777,0.0,-4.43697499233
776,-90.00,9.22,9.18,1473681784,0.0,-4.43697499233
777,-90.00,9.95,9.22,1473681792,0.0,-4.43697499233
778,-135.00,11.36,9.37,1473681800,0.0,-4.43697499233
779,-92.00,8.72,9.49,1473681807,0.0,-4.43697499233
780,-90.00,9.04,9.50,1473681815,0.0,-4.43697499233
781,-90.00,8.64,9.54,1473681823,0.0,-4.43697499233
782,-90.00,9.34,9.60,1473681830,0.0,-4.43697499233
785,-90.00,9.20,9.64,1473681853,0.0,-4.43697499233
786,-90.00,8.66,9.64,1473681861,0.0,-4.43697499233
787,-139.00,9.34,9.53,1473681868,0.0,-4.43697499233
788,-91.00,9.02,9.42,1473681876,0.0,-4.43697499233
789,-90.00,9.58,9.44,1473681884,0.0,-4.43697499233
790,-90.00,9.69,9.42,1473681891,0.0,-4.43697499233
794,-90.00,8.49,9.47,1473681922,0.0,-4.43697499233
795,-92.00,9.67,9.39,1473681930,0.0,-4.43697499233
796,-92.00,9.41,9.43,1473681937,0.0,-4.43697499233
797,-92.00,9.73,9.45,1473681945,0.0,-4.43697499233
798,-92.00,9.42,9.37,1473681953,0.0,-4.43697499233
799,-91.00,8.72,9.38,1473681960,0.0,-4.43697499233
800,-92.00,7.70,9.30,1473681968,0.0,-4.43697499233
801,-92.00,8.52,9.22,1473681975,0.0,-4.43697499233
802,-92.00,8.65,9.13,1473681983,0.0,-4.43697499233
803,-91.00,9.08,9.13,1473681991,0.0,-4.43697499233
804,-139.00,10.36,9.13,1473681998,0.0,-4.43697499233
805,-90.00,9.60,9.10,1473682006,0.0,-4.43697499233
806,-91.00,8.57,9.13,1473682014,0.0,-4.43697499233
807,-90.00,9.27,9.07,1473682021,0.0,-4.43697499233
808,-90.00,9.04,9.14,1473682029,0.0,-4.43697499233
809,-90.00,9.89,9.18,1473682037,0.0,-4.43697499233
810,-90.00,8.45,9.30,1473682044,0.0,-4.43697499233
811,-89.00,7.99,9.28,1473682052,0.0,-4.43697499233
812,-89.00,8.43,9.19,1473682059,0.0,-4.43697499233
813,-89.00,8.22,9.21,1473682067,0.0,-4.43697499233
814,-91.00,9.07,9.15,1473682075,0.0,-4.43697499233
815,-91.00,7.92,9.16,1473682082,0.0,-4.43697499233
816,-90.00,8.42,9.09,1473682090,0.0,-4.43697499233
817,-91.00,9.35,9.02,1473682098,0.0,-4.43697499233
818,-91.00,8.11,9.02,1473682105,0.0,-4.43697499233
819,-90.00,9.54,8.99,1473682113,0.0,-4.43697499233
820,-90.00,8.25,9.14,1473682121,0.0,-4.43697499233
821,-91.00,8.81,9.07,1473682128,0.0,-4.43697499233
822,-90.00,8.82,9.26,1473682136,0.0,-4.43697499233
823,-90.00,9.72,9.29,1473682144,0.0,-4.43697499233
824,-91.00,8.83,9.33,1473682151,0.0,-4.43697499233
825,-91.00,9.71,9.41,1473682159,0.0,-4.43697499233
826,-137.00,9.44,9.45,1473682166,0.0,-4.43697499233
827,-90.00,9.55,9.49,1473682174,0.0,-4.43697499233
828,-91.00,9.20,9.55,1473682182,0.0,-4.43697499233
829,-91.00,9.18,9.52,1473682189,0.0,-4.43697499233
830,-90.00,8.63,9.47,1473682197,0.0,-4.43697499233
831,-90.00,9.34,9.33,1473682205,0.0,-4.43697499233
832,-90.00,8.57,9.32,1473682212,0.0,-4.43697499233
833,-91.00,8.56,9.29,1473682220,0.0,-4.43697499233
834,-90.00,9.48,9.27,1473682228,0.0,-4.43697499233
835,-90.00,9.34,9.29,1473682235,0.0,-4.43697499233
836,-139.00,9.46,9.26,1473682243,0.0,-4.43697499233
837,-90.00,9.18,9.11,1473682250,0.0,-4.43697499233
838,-91.00,9.03,9.17,1473682258,0.0,-4.43697499233
839,-92.00,8.97,9.18,1473682266,0.0,-4.43697499233
840,-136.00,11.05,9.23,1473682273,0.0,-4.43697499233
841,-90.00,8.94,9.35,1473682281,0.0,-4.43697499233
842,-88.00,9.04,9.37,1473682289,0.0,-4.43697499233
843,-90.00,8.92,9.38,1473682296,0.0,-4.43697499233
844,-89.00,9.20,9.35,1473682304,0.0,-4.43697499233
845,-89.00,8.77,9.35,1473682312,0.0,-4.43697499233
846,-90.00,8.74,9.41,1473682319,0.0,-4.43697499233
847,-137.00,9.62,9.38,1473682327,0.0,-4.43697499233
848,-139.00,10.34,9.44,1473682335,0.0,-4.43697499233
849,-90.00,9.56,9.27,1473682342,0.0,-4.43697499233
850,-90.00,9.01,9.26,1473682350,0.0,-4.43697499233
851,-90.00,9.18,9.25,1473682357,0.0,-4.43697499233
852,-89.00,8.96,9.36,1473682365,0.0,-4.43697499233
853,-89.00,8.27,9.42,1473682373,0.0,-4.43697499233
854,-89.00,8.93,9.39,1473682380,0.0,-4.43697499233
855,-89.00,8.83,9.45,1473682388,0.0,-4.43697499233
856,-89.00,8.95,9.35,1473682396,0.0,-4.43697499233
857,-89.00,8.62,9.33,1473682403,0.0,-4.43697499233
858,-89.00,9.28,9.32,1473682411,0.0,-4.43697499233
859,-89.00,9.31,9.35,1473682419,0.0,-4.43697499233
860,-132.00,10.51,9.43,1473682426,0.0,-4.43697499233
861,-88.00,9.04,9.28,1473682434,0.0,-4.43697499233
862,-137.00,11.48,9.31,1473682441,0.0,-4.43697499233
863,-89.00,9.38,9.46,1473682449,0.0,-4.43697499233
864,-90.00,8.44,9.44,1473682457,0.0,-4.43697499233
865,-89.00,9.10,9.47,1473682464,0.0,-4.43697499233
866,-89.00,8.64,9.50,1473682473,0.0,-4.43697499233
867,-89.00,9.33,9.50,1473682481,0.0,-4.43697499233
868,-89.00,9.63,9.50,1473682488,0.0,-4.43697499233
869,-89.00,9.06,9.44,1473682496,0.0,-4.43697499233
870,-141.00,9.99,9.47,1473682504,0.0,-4.43697499233
871,-88.00,8.93,9.41,1473682511,0.0,-4.43697499233
872,-89.00,8.95,9.44,1473682519,0.0,-4.43697499233
873,-89.00,9.36,9.45,1473682527,0.0,-4.43697499233
874,-89.00,8.90,9.56,1473682534,0.0,-4.43697499233
875,-89.00,8.52,9.55,1473682542,0.0,-4.43697499233
876,-90.00,8.86,9.53,1473682549,0.0,-4.43697499233
877,-134.00,10.59,9.50,1473682557,0.0,-4.43697499233
878,-138.00,8.54,9.48,1473682565,0.0,-4.43697499233
879,-90.00,8.89,9.42,1473682572,0.0,-4.43697499233
880,-90.00,9.09,9.38,1473682580,0.0,-4.43697499233
881,-90.00,9.13,9.31,1473682588,0.0,-4.43697499233
882,-91.00,9.39,9.32,1473682595,0.0,-4.43697499233
883,-89.00,9.09,9.17,1473682603,0.0,-4.43697499233
884,-90.00,8.16,9.20,1473682611,0.0,-4.43697499233
885,-89.00,8.66,9.17,1473682618,0.0,-4.43697499233
886,-90.00,8.49,9.10,1473682626,0.0,-4.43697499233
887,-91.00,9.32,9.09,1473682634,0.0,-4.43697499233
888,-90.00,9.20,9.02,1473682641,0.0,-4.43697499233
889,-91.00,9.69,9.04,1473682649,0.0,-4.43697499233
890,-90.00,8.49,9.07,1473682656,0.0,-4.43697499233
891,-91.00,9.25,9.05,1473682664,0.0,-4.43697499233
892,-90.00,9.18,9.08,1473682672,0.0,-4.43697499233
893,-91.00,8.89,9.09,1473682679,0.0,-4.43697499233
894,-140.00,10.77,9.15,1473682687,0.0,-4.43697499233
895,-91.00,8.34,9.33,1473682695,0.0,-4.43697499233
896,-92.00,7.57,9.28,1473682702,0.0,-4.43697499233
897,-91.00,8.58,9.19,1473682710,0.0,-4.43697499233
898,-91.00,8.85,9.14,1473682718,0.0,-4.43697499233
899,-91.00,9.26,9.14,1473682725,0.0,-4.43697499233
900,-91.00,9.27,9.14,1473682733,0.0,-4.43697499233
902,-90.00,8.86,9.11,1473682747,0.0,-4.43697499233
903,-92.00,8.71,9.01,1473682755,0.0,-4.43697499233
904,-91.00,9.73,8.95,1473682762,0.0,-4.43697499233
905,-94.00,10.73,9.06,1473682770,0.0,-4.43697499233
906,-92.00,8.31,9.14,1473682778,0.0,-4.43697499233
907,-92.00,9.33,9.15,1473682785,0.0,-4.43697499233
908,-91.00,7.59,9.14,1473682793,0.0,-4.43697499233
909,-91.00,8.74,9.11,1473682801,0.0,-4.43697499233
910,-91.00,8.78,9.15,1473682808,0.0,-4.43697499233
911,-91.00,9.14,9.10,1473682816,0.0,-4.43697499233
912,-91.00,8.66,9.14,1473682823,0.0,-4.43697499233
913,-90.00,8.94,9.15,1473682831,0.0,-4.43697499233
914,-91.00,8.23,9.07,1473682839,0.0,-4.43697499233
915,-92.00,9.42,9.10,1473682846,0.0,-4.43697499233
916,-90.00,8.63,9.14,1473682854,0.0,-4.43697499233
917,-91.00,9.21,9.19,1473682862,0.0,-4.43697499233
918,-91.00,9.20,9.23,1473682869,0.0,-4.43697499233
919,-91.00,9.53,9.21,1473682877,0.0,-4.43697499233
920,-92.00,9.24,9.21,1473682885,0.0,-4.43697499233
921,-91.00,9.46,9.22,1473682892,0.0,-4.43697499233
922,-91.00,8.94,9.25,1473682900,0.0,-4.43697499233
923,-140.00,9.74,9.26,1473682907,0.0,-4.43697499233
924,-136.00,10.21,9.29,1473682915,0.0,-4.43697499233
925,-91.00,9.42,9.29,1473682923,0.0,-4.43697499233
926,-137.00,12.15,9.33,1473682930,0.0,-4.43697499233
927,-91.00,9.30,9.49,1473682938,0.0,-4.43697499233
928,-91.00,8.68,9.57,1473682946,0.0,-4.43697499233
929,-91.00,9.20,9.56,1473682953,0.0,-4.43697499233
930,-91.00,9.04,9.66,1473682961,0.0,-4.43697499233
931,-91.00,8.87,9.64,1473682969,0.0,-4.43697499233
932,-140.00,9.64,9.61,1473682976,0.0,-4.43697499233
933,-91.00,8.61,9.63,1473682984,0.0,-4.43697499233
934,-91.00,9.10,9.63,1473682992,0.0,-4.43697499233
935,-91.00,9.51,9.48,1473682999,0.0,-4.43697499233
936,-92.00,9.56,9.36,1473683007,0.0,-4.43697499233
937,-91.00,9.50,9.41,1473683014,0.0,-4.43697499233
938,-135.00,11.10,9.36,1473683022,0.0,-4.43697499233
939,-91.00,9.24,9.44,1473683030,0.0,-4.43697499233
940,-90.00,8.95,9.51,1473683037,0.0,-4.43697499233
941,-135.00,11.39,9.45,1473683045,0.0,-4.43697499233
942,-91.00,9.29,9.52,1473683053,0.0,-4.43697499233
943,-92.00,9.05,9.59,1473683060,0.0,-4.43697499233
944,-91.00,8.97,9.67,1473683068,0.0,-4.43697499233
945,-91.00,9.14,9.67,1473683076,0.0,-4.43697499233
946,-92.00,9.52,9.66,1473683083,0.0,-4.43697499233
947,-91.00,9.26,9.55,1473683091,0.0,-4.43697499233
948,-91.00,8.96,9.56,1473683098,0.0,-4.43697499233
949,-90.00,9.30,9.51,1473683106,0.0,-4.43697499233
951,-91.00,9.34,9.56,1473683121,0.0,-4.43697499233
952,-92.00,8.57,9.43,1473683129,0.0,-4.43697499233
953,-139.00,10.92,9.30,1473683137,0.0,-4.43697499233
954,-137.00,13.10,9.25,1473683144,0.0,-4.43697499233
955,-90.00,9.23,9.47,1473683152,0.0,-4.43697499233
956,-137.00,8.15,9.50,1473683160,0.0,-4.43697499233
957,-91.00,9.28,9.45,1473683167,0.0,-4.43697499233
958,-136.00,12.75,9.51,1473683175,0.0,-4.43697499233
959,-90.00,8.84,9.68,1473683183,0.0,-4.43697499233
960,-91.00,8.67,9.68,1473683190,0.0,-4.43697499233
961,-135.00,10.87,9.67,1473683198,0.0,-4.43697499233
963,-90.00,9.34,9.85,1473683213,0.0,-4.43697499233
964,-90.00,8.87,9.79,1473683221,0.0,-4.43697499233
965,-90.00,8.75,9.78,1473683228,0.0,-4.43697499233
966,-91.00,8.65,9.79,1473683236,0.0,-4.43697499233
967,-91.00,9.27,9.79,1473683244,0.0,-4.43697499233
968,-138.00,11.30,9.55,1473683251,0.0,-4.43697499233
969,-91.00,9.68,9.73,1473683260,0.0,-4.43697499233
970,-91.00,9.04,9.79,1473683268,0.0,-4.43697499233
975,-90.00,8.86,9.73,1473683306,0.0,-4.43697499233
976,-91.00,8.82,9.61,1473683313,0.0,-4.43697499233
977,-91.00,8.84,9.60,1473683321,0.0,-4.43697499233
978,-92.00,9.42,9.58,1473683329,0.0,-4.43697499233
979,-92.00,9.52,9.59,1473683336,0.0,-4.43697499233
980,-91.00,9.52,9.51,1473683344,0.0,-4.43697499233
981,-90.00,9.24,9.46,1473683352,0.0,-4.43697499233
984,-91.00,9.69,9.27,1473683374,0.0,-4.43697499233
985,-91.00,9.47,9.25,1473683382,0.0,-4.43697499233
986,-91.00,8.54,9.30,1473683390,0.0,-4.43697499233
987,-90.00,8.78,9.37,1473683397,0.0,-4.43697499233
988,-91.00,9.30,9.35,1473683405,0.0,-4.43697499233
989,-91.00,8.86,9.44,1473683413,0.0,-4.43697499233
990,-91.00,9.50,9.43,1473683420,0.0,-4.43697499233
991,-91.00,9.39,9.49,1473683428,0.0,-4.43697499233
992,-92.00,8.99,9.51,1473683436,0.0,-4.43697499233
995,-92.00,8.95,9.59,1473683459,0.0,-4.43697499233
996,-90.00,9.45,9.62,1473683466,0.0,-4.43697499233
997,-90.00,8.92,9.53,1473683474,0.0,-4.43697499233
998,-141.00,9.42,9.56,1473683481,0.0,-4.43697499233
